{
  "critic_spread": {
    "t_controlled_spearman": -0.05780262943317197,
    "pooled_spearman": -0.03151244124284312,
    "partial_spearman_ctrl_t": -0.05674071484135193,
    "per_horizon": [
      0.1044515183506712,
      0.00907823926253991,
      -0.01778660049095341,
      -0.009489959916915576,
      -0.004266784970416909,
      -0.09138097455396482,
      -0.12231760193863656,
      -0.10111394353463568,
      -0.1315981699396894,
      -0.11214519603804031,
      -0.12807015755713483,
      -0.09512445854934137,
      -0.06185590975154782,
      -0.055563602213295794,
      -0.04985583965621817
    ]
  },
  "learned_rho": {
    "t_controlled_spearman": 0.11375867608519015,
    "pooled_spearman": -0.038077613284553724,
    "partial_spearman_ctrl_t": 0.09821270572715528,
    "per_horizon": [
      0.019824550674631784,
      0.007113960700838855,
      0.046725510980647963,
      0.11000371219143751,
      0.0261211497636786,
      0.0729594927673064,
      0.13023497671118434,
      0.11123932119110562,
      0.1244323530000801,
      0.1278940251599318,
      0.17555133910689966,
      0.21976459413373617,
      0.1830586919639281,
      0.11882740884746111,
      0.23262905408498413
    ]
  },
  "prior_entropy_BL08": {
    "t_controlled_spearman": 0.13104692620058517,
    "pooled_spearman": 0.08565565726297937,
    "partial_spearman_ctrl_t": 0.1280979298139589,
    "per_horizon": [
      0.08721057066181435,
      0.018992615671599086,
      0.09427455267735547,
      -0.014458145220356827,
      0.10173800654604549,
      0.09894796208557924,
      0.15890289364964924,
      0.17861094660166396,
      0.16911285061969994,
      0.119416513601355,
      0.18029815191517606,
      0.19322984616220915,
      0.2794952921687781,
      0.20075937203167735,
      0.09917246383653197
    ]
  },
  "_latent_drift_check": {
    "critic_spread": -0.02224916514446653,
    "learned_rho": 0.13949135434204016
  },
  "feasibility_selective_bootstrap": {
    "full_test": 5.095977104522639,
    "full_tune": 5.411002619260939,
    "agnostic_best_m": 15,
    "agnostic_test": 5.095977104522639,
    "oracle": {
      "best_tau": Infinity,
      "test_err": 5.095977104522639,
      "tune_err": 5.411002619260939
    },
    "critic_spread": {
      "best_tau": Infinity,
      "test_err": 5.095977104522639,
      "tune_err": 5.411002619260939
    },
    "learned_rho": {
      "best_tau": Infinity,
      "test_err": 5.095977104522639,
      "tune_err": 5.411002619260939
    },
    "sanity_full_recovered": true
  },
  "_verdict": {
    "verdict": "FAIL",
    "reason": "signal validity gate failed on real model",
    "best_signal": "learned_rho",
    "best_t_controlled_spearman": 0.11375867608519015,
    "corr_pass": false,
    "oracle_pass": false,
    "learned_pass": false,
    "bar_err": 4.841178249296507,
    "full_test": 5.095977104522639,
    "agnostic_test": 5.095977104522639,
    "oracle_test": 5.095977104522639,
    "critic_spread_test": 5.095977104522639,
    "N": 512,
    "H": 15,
    "logdir": "/data/jameskimh/worldmodel/kl-reliability-poc/walker_proprio_real_s0",
    "note": "Real DMControl (dmc_proprio walker_walk). Same pre-registered gate as synthetic."
  }
}