{
  "critic_spread": {
    "t_controlled_spearman": 0.5353395603798294,
    "pooled_spearman": 0.2817173490442195,
    "partial_spearman_ctrl_t": 0.5492786173637988,
    "per_horizon": [
      0.1972414459802589,
      0.4339488636363636,
      0.5507616251519919,
      0.5779847203347399,
      0.5783301349217523,
      0.5911019379847592,
      0.5936123354910234,
      0.5695836648844861,
      0.569276898111723,
      0.5433943387454402,
      0.549673954831557,
      0.5307541931907588,
      0.5599802298655318,
      0.5876981819075888,
      0.5967508806594665
    ]
  },
  "learned_rho": {
    "t_controlled_spearman": 0.37254634712586127,
    "pooled_spearman": 0.3597740499618339,
    "partial_spearman_ctrl_t": 0.4358844865580953,
    "per_horizon": [
      0.01753613162506258,
      0.23992724501108648,
      0.45130522003075596,
      0.4241768404441742,
      0.33820210240683785,
      0.3163480907123954,
      0.3338201174808669,
      0.3828830309884843,
      0.4243131303197196,
      0.4551835750303983,
      0.47074671652599953,
      0.4523785516951577,
      0.4288493982905371,
      0.4369247885523209,
      0.415600267774122
    ]
  },
  "prior_entropy_BL08": {
    "t_controlled_spearman": -0.18467056063960346,
    "pooled_spearman": 0.017254856418776162,
    "partial_spearman_ctrl_t": -0.21093202932280858,
    "per_horizon": [
      0.02862888146365179,
      0.28365278738682403,
      0.4114943282722264,
      0.3201143813485398,
      -0.013324377764143015,
      -0.26515147453311194,
      -0.43033302012087,
      -0.49245840336885766,
      -0.501550407696159,
      -0.4542996969100922,
      -0.4113817547664115,
      -0.38552897790284857,
      -0.34982439071740545,
      -0.2925880731695475,
      -0.21750821111584712
    ]
  },
  "_latent_drift_check": {
    "critic_spread": 0.11624600242706583,
    "learned_rho": 0.05011286597286794
  },
  "feasibility_selective_bootstrap": {
    "full_test": 4.845821771663304,
    "full_tune": 4.844918877812617,
    "agnostic_best_m": 1,
    "agnostic_test": 3.918155844179894,
    "oracle": {
      "best_tau": 0.2461547538638115,
      "test_err": 3.942122005243349,
      "tune_err": 3.8303203313040517
    },
    "critic_spread": {
      "best_tau": 0.6297614067792893,
      "test_err": 3.918155844179894,
      "tune_err": 3.847541267533932
    },
    "learned_rho": {
      "best_tau": 0.04594435766339302,
      "test_err": 3.9189735754119313,
      "tune_err": 3.845534893489193
    },
    "sanity_full_recovered": true
  },
  "_sanity_drift_cv_per_h": [
    1.0546194742261645,
    1.0290645682628918,
    1.1630803393364573,
    1.2111275336608798,
    1.2523529806440834,
    1.2379898818110868,
    1.2425211380197547,
    1.26231641762062,
    1.2867255405913702,
    1.3308035690884366,
    1.3305450197620312,
    1.378110883418279,
    1.3911960788859483,
    1.5281629907802303,
    1.6473811783226855
  ],
  "_verdict": {
    "verdict": "FAIL",
    "reason": "robust: even ORACLE selective-bootstrap does not beat full/agnostic -> reliability-aware targeting itself does not help here",
    "best_signal": "critic_spread",
    "best_t_controlled_spearman": 0.5353395603798294,
    "gate_corr": 0.3,
    "corr_pass": true,
    "oracle_pass": false,
    "learned_pass": false,
    "bar_err": 3.722248051970899,
    "full_test": 4.845821771663304,
    "agnostic_test": 3.918155844179894,
    "oracle_test": 3.942122005243349,
    "critic_spread_test": 3.918155844179894,
    "bl11_precedent": 0.085,
    "runtime_s": 158.5,
    "device": "cuda:0",
    "seed": 0,
    "note": "Pre-registered (result_001.md). Selective bootstrap, sign-unbiased. Treatment must beat full AND agnostic by >=5% on held-out test."
  }
}